Workbook

Sheet Instructions
B2: Pipeline Forecast Model
B3: Auto-recalculating forecasted fill dates from candidate pipeline stage changes
B5: How this works
B6: This workbook forecasts a fill date for each open requisition using the level's historical average time-to-fill and how long the req has been open. As the ATS accumulates cleaner stage-level data over time, the Assumptions tab can be refined to forecast off remaining stages rather than total elapsed time.
B8: Tabs
B9: Assumptions
B10: Tunable inputs: historical average time-to-fill by level, and a placeholder stage-timeline split for future stage-level forecasting. Edit the blue cells as better data comes in.
B11: Pipeline Tracker
B12: One row per open req. Enter the blue input cells; the forecasted fill date, % through the estimated timeline, and confidence label recalculate automatically.
B13: Summary Dashboard
B14: Roll-up view across all open reqs for finance/exec visibility: count by confidence, earliest/latest forecasted fill dates, average forecasted fill date.
B16: Color legend
B18: Blue text | C18: input cell, edit freely
B19: Yellow fill | C19: key assumption to review/update
B20: Black text | C20: formula, do not overwrite

Sheet Assumptions
B2: Assumptions
B3: Overall time-to-fill by level is the only figure trustworthy enough to forecast on today. Stage-level splits below are placeholders for once ATS stage data is reliable.
B6: Historical Average Time-to-Fill by Level
B7: Level | C7: Avg Time-to-Fill (Days) | D7: Data Confidence Note
B8: Associate | C8: 45 | D8: Based on overall ATS time-to-fill; ATS adoption still inconsistent
B9: Senior Associate | C9: 60 | D9: Based on overall ATS time-to-fill; ATS adoption still inconsistent
B10: Manager / Senior Manager | C10: 75 | D10: Based on overall ATS time-to-fill; ATS adoption still inconsistent
B11: Director / Principal | C11: 90 | D11: Based on overall ATS time-to-fill; limited sample size
B12: Senior Leadership | C12: 120 | D12: Directional estimate; very limited sample size
B15: Placeholder Stage-Timeline Split (for future stage-level forecasting)
B16: Not used in current forecast formulas — retained here so the Pipeline Tracker can be upgraded to stage-level forecasting once stage-duration data is reliable.
B17: Stage | C17: % of Total Timeline (placeholder)
B18: Sourcing / Screening | C18: 0.35
B19: Hiring Manager Interview | C19: 0.25
B20: Final Round | C20: 0.2
B21: Offer / Close | C21: 0.2

Sheet Pipeline Tracker
B2: Pipeline Tracker
B3: Enter/update the blue cells for each open req. Forecasted fill date, % through timeline, and confidence recalculate automatically.
B5: Req ID | C5: Role | D5: Level | E5: Location | F5: Hiring Manager | G5: Req Open Date | H5: Current Stage | I5: Last Stage Change Date | J5: Days Elapsed | K5: Avg Time-to-Fill (Level) | L5: Remaining Days (Est.) | M5: Forecasted Fill Date | N5: % Through Est. Timeline | O5: Confidence
B6: PC-2601 | C6: Principal, Client CIO | D6: Director / Principal | E6: New York, NY | F6: Rich Scarinci | G6: 46223 | H6: HM Interview | I6: 46259 | J6: =TODAY()-G6 -> 56 | K6: =IFERROR(INDEX(Assumptions!$C$8:$C$12,MATCH(D6,Assumptions!$B$8:$B$12,0)),"") -> 90 | L6: =IF(K6="","",MAX(K6-J6,5)) -> 34 | M6: =IF(L6="","",TODAY()+L6) -> 46313 | N6: =IF(K6="","",MIN(J6/K6,1)) -> 0.62222222 | O6: =IF(K6="","",IF(N6>=0.6,"High",IF(N6>=0.25,"Medium","Low"))) -> High
B7: PC-2602 | C7: Senior Associate, Data Engineer | D7: Senior Associate | E7: Boston, MA | F7: TBD | G7: 46237 | H7: Sourcing | I7: 46273 | J7: =TODAY()-G7 -> 42 | K7: =IFERROR(INDEX(Assumptions!$C$8:$C$12,MATCH(D7,Assumptions!$B$8:$B$12,0)),"") -> 60 | L7: =IF(K7="","",MAX(K7-J7,5)) -> 18 | M7: =IF(L7="","",TODAY()+L7) -> 46297 | N7: =IF(K7="","",MIN(J7/K7,1)) -> 0.7 | O7: =IF(K7="","",IF(N7>=0.6,"High",IF(N7>=0.25,"Medium","Low"))) -> High
B8: PC-2603 | C8: Senior Associate, Operational Due Diligence | D8: Senior Associate | E8: Boston, MA | F8: TBD | G8: 46230 | H8: Sourcing | I8: 46266 | J8: =TODAY()-G8 -> 49 | K8: =IFERROR(INDEX(Assumptions!$C$8:$C$12,MATCH(D8,Assumptions!$B$8:$B$12,0)),"") -> 60 | L8: =IF(K8="","",MAX(K8-J8,5)) -> 11 | M8: =IF(L8="","",TODAY()+L8) -> 46290 | N8: =IF(K8="","",MIN(J8/K8,1)) -> 0.81666667 | O8: =IF(K8="","",IF(N8>=0.6,"High",IF(N8>=0.25,"Medium","Low"))) -> High
B9: PC-2604 | C9: Trade and Treasury Operations Associate | D9: Associate | E9: Boston, MA | F9: TBD | G9: 46244 | H9: Screening | I9: 46270 | J9: =TODAY()-G9 -> 35 | K9: =IFERROR(INDEX(Assumptions!$C$8:$C$12,MATCH(D9,Assumptions!$B$8:$B$12,0)),"") -> 45 | L9: =IF(K9="","",MAX(K9-J9,5)) -> 10 | M9: =IF(L9="","",TODAY()+L9) -> 46289 | N9: =IF(K9="","",MIN(J9/K9,1)) -> 0.77777778 | O9: =IF(K9="","",IF(N9>=0.6,"High",IF(N9>=0.25,"Medium","Low"))) -> High
B10: PC-2605 | C10: KYC Senior Associate | D10: Senior Associate | E10: Boston, MA | F10: TBD | G10: 46251 | H10: Sourcing | I10: 46275 | J10: =TODAY()-G10 -> 28 | K10: =IFERROR(INDEX(Assumptions!$C$8:$C$12,MATCH(D10,Assumptions!$B$8:$B$12,0)),"") -> 60 | L10: =IF(K10="","",MAX(K10-J10,5)) -> 32 | M10: =IF(L10="","",TODAY()+L10) -> 46311 | N10: =IF(K10="","",MIN(J10/K10,1)) -> 0.46666667 | O10: =IF(K10="","",IF(N10>=0.6,"High",IF(N10>=0.25,"Medium","Low"))) -> Medium
B11: PC-2606 | C11: Senior Manager, Software Engineering | D11: Manager / Senior Manager | E11: Boston, MA | F11: TBD | G11: 46216 | H11: Final Round | I11: 46274 | J11: =TODAY()-G11 -> 63 | K11: =IFERROR(INDEX(Assumptions!$C$8:$C$12,MATCH(D11,Assumptions!$B$8:$B$12,0)),"") -> 75 | L11: =IF(K11="","",MAX(K11-J11,5)) -> 12 | M11: =IF(L11="","",TODAY()+L11) -> 46291 | N11: =IF(K11="","",MIN(J11/K11,1)) -> 0.84 | O11: =IF(K11="","",IF(N11>=0.6,"High",IF(N11>=0.25,"Medium","Low"))) -> High
J12: =IF(G12="","",TODAY()-G12) | K12: =IFERROR(INDEX(Assumptions!$C$8:$C$12,MATCH(D12,Assumptions!$B$8:$B$12,0)),"") | L12: =IF(OR(G12="",K12=""),"",MAX(K12-J12,5)) | M12: =IF(L12="","",TODAY()+L12) | N12: =IF(OR(K12="",K12=0),"",MIN(J12/K12,1)) | O12: =IF(N12="","",IF(N12>=0.6,"High",IF(N12>=0.25,"Medium","Low")))
J13: =IF(G13="","",TODAY()-G13) | K13: =IFERROR(INDEX(Assumptions!$C$8:$C$12,MATCH(D13,Assumptions!$B$8:$B$12,0)),"") | L13: =IF(OR(G13="",K13=""),"",MAX(K13-J13,5)) | M13: =IF(L13="","",TODAY()+L13) | N13: =IF(OR(K13="",K13=0),"",MIN(J13/K13,1)) | O13: =IF(N13="","",IF(N13>=0.6,"High",IF(N13>=0.25,"Medium","Low")))
J14: =IF(G14="","",TODAY()-G14) | K14: =IFERROR(INDEX(Assumptions!$C$8:$C$12,MATCH(D14,Assumptions!$B$8:$B$12,0)),"") | L14: =IF(OR(G14="",K14=""),"",MAX(K14-J14,5)) | M14: =IF(L14="","",TODAY()+L14) | N14: =IF(OR(K14="",K14=0),"",MIN(J14/K14,1)) | O14: =IF(N14="","",IF(N14>=0.6,"High",IF(N14>=0.25,"Medium","Low")))
J15: =IF(G15="","",TODAY()-G15) | K15: =IFERROR(INDEX(Assumptions!$C$8:$C$12,MATCH(D15,Assumptions!$B$8:$B$12,0)),"") | L15: =IF(OR(G15="",K15=""),"",MAX(K15-J15,5)) | M15: =IF(L15="","",TODAY()+L15) | N15: =IF(OR(K15="",K15=0),"",MIN(J15/K15,1)) | O15: =IF(N15="","",IF(N15>=0.6,"High",IF(N15>=0.25,"Medium","Low")))

Sheet Summary Dashboard
B2: Summary Dashboard
B3: Roll-up view for finance/exec visibility across all open reqs
B6: Open Reqs Overview
B7: Total Open Reqs | D7: =COUNTIF('Pipeline Tracker'!B6:B15,"<>") -> 6
B8: Earliest Forecasted Fill Date | D8: =IFERROR(MIN('Pipeline Tracker'!M6:M15),"") -> 46289
B9: Latest Forecasted Fill Date | D9: =IFERROR(MAX('Pipeline Tracker'!M6:M15),"") -> 46313
B10: Average Forecasted Fill Date | D10: =IFERROR(AVERAGE('Pipeline Tracker'!M6:M15),"") -> 46298.5
B13: Reqs by Confidence
B14: High | D14: =COUNTIF('Pipeline Tracker'!O6:O15,"High") -> 5
B15: Medium | D15: =COUNTIF('Pipeline Tracker'!O6:O15,"Medium") -> 1
B16: Low | D16: =COUNTIF('Pipeline Tracker'!O6:O15,"Low") -> 0
B19: Note: figures pull live from the Pipeline Tracker tab. Add new reqs there and this dashboard updates automatically.
